,Word,Count
2309,yeah,271
550,dont,159
1060,know,144
36,aint,102
1304,need,93
1748,s***,93
1167,love,88
2214,wanna,79
2215,want,75
103,baby,73
296,cause,70
2033,thats,67
1319,n*****,57
2065,time,55
2275,woman,54
159,b****,52
1727,sexy,51
2253,whoa,49
776,f***,46
374,come,45
1318,n****,39
2008,tell,39
772,friends,39
1320,night,38
792,gang,38
811,girls,36
1151,look,35
809,girl,34
2045,think,34
694,feel,33
1623,right,33
1665,said,31
1091,leave,29
834,gotta,27
1239,mind,27
1902,stay,27
658,eyes,27
829,good,26
138,beggin,26
150,better,25
2077,told,25
2281,wont,24
100,away,23
1110,life,22
1619,ride,22
2285,work,21
930,hold,21
2131,tryna,21
939,home,20
2324,young,20
373,cold,20
2084,took,20
1148,long,19
1113,light,19
857,guess,19
1363,oohooh,18
874,hand,18
461,dance,18
1322,nights,18
1075,late,17
2083,tonight,17
908,heat,17
1352,ohohoh,16
1171,loving,16
2044,things,16
2157,universe,16
2287,world,16
1334,nothin,16
869,habits,15
906,heart,15
1115,lights,15
1087,lead,14
2066,times,14
1094,left,14
1567,real,14
101,babe,14
659,face,14
1742,shes,14
235,brothers,14
2269,wish,14
2227,water,14
1846,soon,14
516,didnt,13
1292,murderers,13
1210,mean,13
1853,sound,13
1157,lose,13
2228,waves,13
578,drive,13
2307,yall,13
2209,wake,13
161,b******,13
1104,levitating,12
1373,outside,12
2052,thought,12
1152,lookin,12
1208,maybe,12
1354,ohohwhoa,12
902,hear,12
2241,went,12
929,hoes,11
1649,round,11
423,couple,11
2146,type,11
471,darling,11
1414,peace,11
1928,street,11
226,bring,11
203,bout,11
1133,live,11
1460,play,11
778,f*****,11
1507,probably,11
1263,money,11
2043,thing,11
989,inside,10
378,coming,10
1231,middle,10
1991,talk,10
1057,knew,10
1163,lost,10
2058,throw,10
696,feeling,10
366,close,10
605,easy,10
1997,taste,10
779,f******,10
1351,ohoh,10
1268,moonlight,10
2205,wait,10
1531,p****,10
520,different,10
1356,okay,10
923,high,10
2125,true,10
884,happier,10
1267,moon,10
674,fall,9
1849,sorry,9
2299,write,9
903,heard,9
673,faking,9
1051,kiss,9
433,crib,9
1316,nice,9
777,f*****,9
681,fancy,9
1960,sure,9
2124,truck,9
898,head,9
1421,pepa,9
295,caught,8
2038,theres,8
1844,song,8
31,ahahahahahahahah,8
1842,somethin,8
1970,sweater,8
668,fair,8
2235,w***,8
661,fact,8
886,hard,8
188,body,8
1402,party,8
466,dark,8
1130,listen,8
30,ahahahahahah,8
327,chick,8
1628,road,8
1028,june,8
2310,yeahyeah,8
710,fight,8
2128,truth,8
1420,people,8
1899,started,8
1882,spot,8
1183,makin,8
803,gettin,8
262,california,8
964,hurt,8
1896,starlight,8
2322,youd,8
643,everybody,8
1450,place,8
401,control,8
1424,perfect,8
1415,peaches,7
1898,start,7
309,change,7
1957,sunlight,7
1406,past,7
1446,pipe,7
234,brother,7
240,buck,7
1815,slide,7
1856,source,7
2302,wrong,7
1099,lets,7
879,hang,7
878,hands,7
1063,known,7
1064,knows,7
1437,piece,7
1917,stop,7
1892,standin,7
1026,jump,7
933,holes,7
1717,senseless,7
346,church,7
456,daddy,7
802,georgia,7
1778,sight,7
981,industry,7
797,gave,7
2220,wasnt,7
341,chopper,7
432,cream,7
1591,remember,7
1329,north,7
107,badass,7
2245,whats,7
824,going,7
2092,touch,7
2101,trade,7
488,deep,7
133,beat,7
593,ducking,7
828,gonna,7
1290,mundo,7
2081,tongue,7
1993,talkin,7
1594,rent,7
418,count,6
1211,meet,6
429,cracks,6
515,d***,6
1700,seca,6
1353,ohohohwhoa,6
1710,seen,6
473,date,6
1773,sick,6
1132,little,6
1120,line,6
533,discoteca,6
478,days,6
1791,sins,6
257,butt,6
1809,sleep,6
553,doodoo,6
1747,shirt,6
1816,slow,6
1355,ohwhoawhoa,6
1403,partys,6
1156,lord,6
460,d***,6
1838,soldiers,6
1753,shivers,6
1407,pastilla,6
2242,werent,6
2127,trust,6
1008,jeans,6
719,fine,6
2135,turn,6
752,fool,6
826,gone,6
723,finished,6
2252,white,6
1929,streets,6
2207,waitin,6
118,ball,6
2258,wide,6
756,forever,6
1001,jack,6
945,honestly,6
1986,syrup,6
770,fridge,6
784,funny,6
2311,yeahyeahyeahyeah,6
164,blame,6
26,agua,6
1673,save,5
891,hate,5
2074,today,5
2000,teach,5
2097,town,5
1147,lonely,5
197,bossing,5
742,flossing,5
320,check,5
318,cheat,5
653,explain,5
805,ghost,5
1548,racks,5
430,crazy,5
765,freak,5
573,dress,5
2054,thousand,5
955,house,5
1225,mercy,5
367,clouds,5
2136,turned,5
2046,thinkin,5
1728,sguelo,5
1564,read,5
1303,neck,5
2027,text,5
1688,school,5
1153,looking,5
1738,shawty,5
1779,sign,5
1672,saucing,5
2154,understand,5
415,costing,5
1935,struggle,5
479,dead,5
1037,kept,5
1382,paid,5
142,believe,5
716,finally,5
1661,sacrifice,5
277,cared,5
1400,parties,5
269,came,5
121,bang,5
1248,miss,5
1639,roll,5
944,honest,5
2304,wrote,5
844,great,5
703,felt,5
2323,youll,5
1828,smoking,5
589,drown,5
1822,smile,5
477,dawn,5
1190,mama,5
206,boys,5
1670,sang,5
1968,swear,5
304,chain,5
1361,ones,5
1964,survive,5
678,fame,5
1799,size,5
1608,rest,5
1941,styrofoam,5
1952,sugar,5
2250,whipped,5
215,break,5
1585,relate,4
2106,trap,4
110,bags,4
590,drugs,4
1616,rich,4
2105,traitor,4
574,drink,4
2118,tried,4
599,early,4
1272,morning,4
513,diamonds,4
806,gimme,4
1582,regret,4
2271,woah,4
52,amor,4
885,happy,4
1468,pluto,4
1463,playin,4
1461,played,4
2261,wiggling,4
2266,winnin,4
529,dirt,4
922,hide,4
2278,wonder,4
28,ahahahah,4
501,deposit,4
2294,wouldnt,4
1434,picked,4
866,guys,4
2326,youve,4
2237,weeks,4
821,goes,4
2224,watch,4
2218,warm,4
571,dreams,4
1571,reason,4
916,hella,4
439,crying,4
915,h***,4
804,getting,4
2186,vibe,4
2191,vida,4
1551,rain,4
1538,quicker,4
2196,vision,4
557,double,4
2210,walk,4
815,glitter,4
2216,wanted,4
2099,track,4
619,emotional,4
195,booty,4
2053,thoughts,4
672,fake,4
1980,swimming,4
1777,siento,4
2093,touchdown,4
1989,takin,4
1012,jewelry,4
328,child,4
1743,shimmer,4
179,blood,4
175,block,4
1160,losin,4
972,imagine,4
1164,lotta,4
349,city,4
1716,sense,4
1787,singin,4
1043,k***,4
214,bread,4
693,feed,4
1895,starin,4
1897,stars,4
250,burn,4
265,calling,4
1872,spent,4
695,feelin,4
1858,southside,4
289,cash,4
1069,lalalala,4
1850,soul,4
230,broke,4
717,findin,4
228,brings,4
688,father,4
965,hurts,4
702,fell,4
136,beef,4
1701,second,4
132,beach,4
377,comin,4
947,hood,4
1242,minute,4
148,best,4
1690,screamin,4
1894,stare,4
1674,saved,4
153,bigger,4
1641,rollin,4
1205,matter,4
610,eighty,4
766,free,4
620,empastillao,3
1390,paper,3
1383,pain,3
690,fazed,3
1376,overnight,3
1070,lalalalala,3
1388,pants,3
1098,lesbian,3
1072,lame,3
1307,needs,3
1404,passin,3
592,d****,3
704,feminine,3
1092,leaves,3
611,electric,3
851,groove,3
698,feels,3
614,embarrassing,3
517,died,3
1244,mirror,3
883,happens,3
1273,mother,3
519,difference,3
872,hahahaha,3
1084,layin,3
588,drove,3
882,happened,3
1237,million,3
1365,open,3
622,endin,3
741,floss,3
1185,maldita,3
966,hypnotized,3
638,escape,3
790,game,3
771,friend,3
1229,metro,3
998,isnt,3
1009,jesus,3
1332,nota,3
744,flyin,3
1300,natty,3
901,healthy,3
555,doors,3
1235,milky,3
740,floor,3
683,fantasizin,3
666,fafarru,3
1128,liquor,3
953,hoping,3
887,hardened,3
1019,jokin,3
1041,kiddin,3
823,goin,3
1358,older,3
582,drizzy,3
585,droppin,3
542,dixieland,3
1049,king,3
1372,oreo,3
1056,knees,3
946,honey,3
1165,loud,3
846,green,3
358,clean,3
1695,search,3
362,cleavage,3
361,clearly,3
2056,threw,3
1697,seaside,3
163,black,3
1698,season,3
167,bleed,3
1745,shining,3
353,clangin,3
1714,send,3
2035,therapeutic,3
1731,shake,3
340,chop,3
1732,shallow,3
1733,shame,3
155,bird,3
2063,tiempo,3
149,betrayed,3
147,benz,3
2150,unaffected,3
2141,twice,3
406,cool,3
405,conversations,3
1625,rise,3
1632,rocka,3
1633,rocket,3
124,barely,3
1637,rola,3
129,bathroom,3
1656,rumors,3
1657,runnin,3
143,belong,3
2072,tired,3
1671,sauce,3
2025,tesla,3
1749,s****,3
408,copped,3
253,bury,3
1969,swearin,3
1854,sounds,3
1860,space,3
1953,sugarboo,3
1886,squeaksqueakin,3
1891,stand,3
1944,suburbs,3
1904,steak,3
1751,shiver,3
1909,stick,3
1938,stuck,3
1916,stood,3
1920,straight,3
1922,stranger,3
225,bright,3
1927,straws,3
1840,solo,3
1833,social,3
1979,swimmin,3
202,bourbon,3
2017,tenerte,3
1764,shouldve,3
1768,showin,3
1769,shows,3
1772,shut,3
1781,signs,3
1782,sigo,3
1990,taking,3
305,chains,3
1788,singing,3
196,boss,3
1789,single,3
1794,sisters,3
1428,petty,3
201,bougie,3
2152,uncle,3
1647,rootin,3
231,broken,3
2283,word,3
1454,planes,3
1497,pretty,3
1572,reasons,3
2200,voice,3
2284,words,3
438,crowds,3
77,arms,3
1569,reality,3
27,ahahah,3
73,arcoris,3
70,applebees,3
1532,puttin,3
1451,places,3
1478,popped,3
37,alabamajamma,3
2212,walkin,3
2255,whoawhoa,3
2254,whoaoh,3
2249,whip,3
1486,pour,3
1487,pray,3
462,dancin,3
2247,wheezy,3
1502,principle,3
1587,relaxed,3
1496,pretend,3
1593,renegading,3
496,delight,3
1618,rico,3
1611,reused,3
492,degrees,3
414,cost,3
2305,wunna,3
1435,picture,3
2290,worse,3
502,desacatao,3
419,counters,3
1042,kids,2
1934,stronger,2
2264,windows,2
1015,joel,2
2312,year,2
848,grey,2
1939,stuff,2
1992,talked,2
1014,jodiendo,2
1994,talking,2
2001,team,2
2244,west,2
2298,wrist,2
1988,taffy,2
1940,s*****,2
1018,jokes,2
876,handle,2
1044,killers,2
2289,worryin,2
1973,sweet,2
1047,kind,2
1030,juniors,2
1048,kinda,2
1948,sudden,2
881,happen,2
2292,worst,2
1021,judgemental,2
2295,wound,2
2296,wrap,2
1053,kisses,2
861,guilty,2
2288,worried,2
2166,upgrade,2
2009,telling,2
2195,vira,2
2180,verses,2
950,hope,2
2179,verse,2
2178,verdad,2
2080,tomorrow,2
1933,strong,2
2085,tooth,2
2177,vente,2
2094,tour,2
2095,towel,2
909,heated,2
2102,trading,2
2103,traffic,2
2109,treat,2
2173,valley,2
936,hollywood,2
2172,vacilando,2
2130,trying,2
2168,usted,2
932,hole,2
2137,turnin,2
917,help,2
921,hickeys,2
2183,vert,2
2064,tight,2
1003,jackets,2
2199,vivo,2
2019,tennis,2
2021,tens,2
2236,week,2
2229,weak,2
2158,unle,2
2226,watching,2
888,harder,2
889,hardest,2
890,harmony,2
986,insane,2
2222,wasted,2
2041,thickness,2
976,impress,2
895,havent,2
975,importa,2
896,havin,2
2048,thinks,2
2208,waiting,2
962,hunnid,2
2203,waist,2
2057,throat,2
958,humo,2
956,housing,2
995,introduce,2
1411,patrs,2
1932,strikes,2
1256,models,2
1535,questioning,2
1542,quiero,2
1563,reach,2
1565,reading,2
1317,nicki,2
1311,nerd,2
1308,negotiation,2
1573,rebirth,2
1581,region,2
1586,relax,2
1588,release,2
847,grew,2
1299,nasty,2
1597,repent,2
1604,resentment,2
1285,movie,2
1284,moved,2
1606,respect,2
1283,mouths,2
1282,mouth,2
1281,mountain,2
1620,rides,2
1278,motion,2
1276,m***********,2
1275,m***********,2
1621,ridin,2
1622,riding,2
1264,moneys,2
1259,momento,2
1333,notes,2
1530,p******,2
1340,object,2
1459,platinum,2
1429,pglang,2
1431,phone,2
1441,pill,2
1442,pillow,2
1443,pills,2
1448,pistol,2
1398,paris,2
1393,paradise,2
1392,pappy,2
1389,papa,2
1386,pandemic,2
1457,plaque,2
1385,paint,2
1464,playing,2
1529,push,2
1466,plenty,2
1481,position,2
1369,opposite,2
1482,post,2
1483,posts,2
1364,oohoohooh,2
1360,omega,2
1489,prayin,2
1508,problem,2
1511,progress,2
1513,prolly,2
1523,public,2
1527,purpose,2
1258,moment,2
1253,mmuh,2
1067,laffy,2
1252,misunderstood,2
1137,livin,2
1774,sides,2
1780,signed,2
1127,lipstick,2
1126,lips,2
1121,linger,2
1786,sing,2
1114,lightning,2
1801,skin,2
1111,lifell,2
1817,slowly,2
1826,smoke,2
1109,lies,2
1108,lied,2
1829,snappin,2
1102,letters,2
1852,souls,2
1866,speak,2
1869,special,2
1875,spin,2
1096,legs,2
1878,spoil,2
1885,square,2
1893,star,2
1903,stayed,2
1082,lawyers,2
1079,laughing,2
1911,stickin,2
1926,strawberry,2
1762,shoulder,2
1142,load,2
1756,shooters,2
1221,memory,2
1638,role,2
1250,missing,2
1640,rollie,2
1643,rolls,2
1243,miro,2
1663,safe,2
1667,sali,2
1668,salt,2
1677,sayin,2
1233,milan,2
1684,scary,2
1692,s****,2
1694,scrolling,2
1218,melody,2
1755,shoot,2
1696,searchin,2
1204,matching,2
1201,mask,2
1186,malibu,2
1699,seasons,2
1704,secrets,2
1168,loved,2
1718,sent,2
1725,sexing,2
1161,losing,2
1159,losers,2
1741,shell,2
1744,shine,2
1112,lift,2
2329,zone,2
845,greatest,2
192,booked,2
154,billy,2
160,bitcha,2
162,bite,2
165,blast,2
170,blew,2
639,escapin,2
182,blouse,2
635,envy,2
634,entregu,2
183,blow,2
184,blue,2
628,engine,2
625,enemies,2
760,fought,2
200,bought,2
208,brain,2
603,easily,2
602,earth,2
217,breaking,2
597,d****,2
596,dummies,2
218,breath,2
219,breathe,2
220,breathin,2
591,drumming,2
586,dropping,2
140,begin,2
139,begging,2
137,began,2
135,bebiendo,2
65,anybody,2
66,anymore,2
757,forget,2
68,apathy,2
755,fore,2
750,follow,2
743,flows,2
89,attached,2
91,attention,2
727,fives,2
721,finger,2
102,babies,2
718,finding,2
715,filled,2
713,figure,2
712,fighting,2
108,baddest,2
699,feet,2
697,feelings,2
689,favorite,2
120,bands,2
686,fast,2
685,farru,2
679,family,2
131,battle,2
222,brick,2
583,drop,2
581,driving,2
306,champagne,2
308,chance,2
310,changed,2
480,deal,2
317,chat,2
474,daughter,2
472,dashboard,2
329,children,2
330,chill,2
458,daffy,2
350,citys,2
451,curvin,2
450,curves,2
448,cursive,2
368,clowns,2
443,cuddle,2
371,cocaine,2
437,crowded,2
375,comes,2
382,company,2
427,cover,2
425,cousin,2
422,coupe,2
416,couldve,2
394,content,2
398,contigo,2
307,champions,2
489,deeper,2
236,brought,2
490,defense,2
576,drip,2
575,drinking,2
239,bsame,2
568,dream,2
566,draw,2
565,drank,2
564,drama,2
245,bullets,2
559,doubler,2
252,burning,2
255,business,2
256,busy,2
263,called,2
548,doin,2
547,dogs,2
273,capping,2
536,diss,2
278,careers,2
534,disfruta,2
282,cars,2
523,digest,2
522,diga,2
293,catchin,2
506,designer,2
494,delete,2
758,forsake,2
399,contract,2
12,acting,2
48,ambiente,2
40,alcohol,2
767,freezin,2
813,giving,2
39,album,2
14,activists,2
23,afraid,2
7,acaba,2
791,games,2
6,abrzame,2
50,amen,2
782,fumando,2
842,grave,2
832,goofy,2
818,goat,2
773,fries,2
780,fuerte,2
812,givin,2
11,actin,2
13,action,2
25,afternoon,2
810,girlfriend,2
774,frontline,2
54,anemic,2
32,ahead,2
793,garden,2
807,gimmicks,2
16,address,2
835,grab,2
45,alright,2
283,cartier,1
1823,smiles,1
1824,smirk,1
288,cases,1
290,cashmere,1
1821,smashin,1
1820,smarter,1
1841,somebody,1
1825,smith,1
1830,s*****,1
1827,smokers,1
287,case,1
286,casamigos,1
1831,snatcher,1
1832,soccer,1
285,casa,1
15,actress,1
1818,slows,1
1834,sociopath,1
1835,soho,1
1836,soil,1
1837,sold,1
284,cartwright,1
1839,soledad,1
1819,small,1
1811,sleeping,1
291,catch,1
1798,sixtymilliondollar,1
1796,sitting,1
1795,sittin,1
299,celebrity,1
1793,siri,1
2301,written,1
1792,sippin,1
300,cell,1
1790,sink,1
301,censor,1
302,centered,1
303,cero,1
2303,wrongs,1
1785,simplest,1
1784,simple,1
1783,silence,1
1797,sixties,1
298,celebratin,1
292,catcher,1
1800,skeletons,1
1814,slid,1
1813,slept,1
1812,sleeves,1
1843,somethings,1
1810,sleeper,1
2300,writing,1
294,cater,1
1808,slaughter,1
1807,slap,1
1806,skylar,1
1805,skoal,1
1804,skirt,1
1803,skip,1
1802,skinned,1
297,cavin,1
2297,wrapped,1
59,annoyin,1
281,carry,1
1845,sons,1
1901,states,1
1900,starts,1
248,burbs,1
249,burgundy,1
251,burned,1
22,advice,1
254,busiest,1
21,adversary,1
20,adventure,1
258,butterfly,1
259,buying,1
1890,stale,1
1889,staff,1
1888,stack,1
1887,stabbed,1
260,caca,1
261,cada,1
247,bung,1
246,b*******,1
1905,steal,1
1913,sticky,1
1921,stranded,1
1919,store,1
1918,stopped,1
241,buggin,1
242,build,1
1915,stomach,1
1914,stogey,1
1912,sticks,1
1906,stems,1
243,building,1
1910,sticker,1
24,afro,1
2286,working,1
244,built,1
1908,steppin,1
1907,step,1
1884,spread,1
1883,spotlight,1
2291,worship,1
274,capture,1
1861,spaghetti,1
271,cape,1
1859,souvenirs,1
272,capper,1
1857,south,1
2293,worth,1
1855,sour,1
275,carats,1
1863,spank,1
276,care,1
18,adore,1
1851,soulmates,1
279,caress,1
1848,sorrow,1
1847,sooner,1
280,carried,1
1862,spanglish,1
1864,spare,1
1881,spoon,1
1874,spilling,1
1880,spoiler,1
1879,spoiled,1
264,callin,1
1877,split,1
1876,spittin,1
19,advance,1
266,calls,1
1873,spilled,1
1865,spark,1
267,calm,1
1871,spending,1
1870,spend,1
268,calma,1
1868,speaking,1
1867,speakin,1
270,camera,1
17,adis,1
314,charges,1
2306,yale,1
4,able,1
1682,scare,1
1681,scar,1
1680,scale,1
1679,says,1
2321,york,1
1678,saying,1
372,code,1
1676,saving,1
1675,savin,1
376,comfortable,1
379,commentin,1
380,comments,1
381,common,1
1669,sand,1
5,abro,1
383,compete,1
1666,sale,1
1683,scared,1
2320,yolo,1
2319,yesterday,1
365,clink,1
355,class,1
356,classic,1
357,claw,1
359,cleaning,1
360,clear,1
363,clever,1
364,climate,1
1693,script,1
1685,scene,1
2318,yeshiva,1
1691,screen,1
369,clueless,1
1689,scratch,1
370,coach,1
1687,schedule,1
1686,scent,1
384,competition,1
1664,saftey,1
311,changin,1
3,ability,1
1645,romantic,1
1644,romancin,1
391,cons,1
1642,rolling,1
392,consumers,1
393,contact,1
2327,zaza,1
395,contest,1
396,contestar,1
1636,rodent,1
1635,rode,1
1634,rocky,1
397,context,1
2328,zirconies,1
1631,rock,1
1630,robyn,1
1629,roadside,1
1646,rooms,1
390,confirmar,1
2,abandoned,1
387,computers,1
385,compose,1
1662,sade,1
386,compromise,1
1660,sabotage,1
2325,younger,1
1659,runs,1
1658,running,1
388,concept,1
1648,roster,1
1655,rulay,1
1654,ruined,1
1653,rubs,1
1652,rubbish,1
1651,rubbed,1
1650,royce,1
389,confessin,1
1702,secondguess,1
1703,secret,1
354,clapper,1
1705,section,1
1760,shorts,1
1759,shores,1
1758,shore,1
1757,shop,1
323,cheddar,1
324,cheek,1
1754,shook,1
325,cheese,1
1752,shivererer,1
326,chef,1
1750,s*****,1
331,chillin,1
1746,ship,1
332,chinese,1
333,chino,1
334,choice,1
335,choices,1
8,accept,1
9,accident,1
1761,shot,1
1771,shrinkin,1
312,charge,1
313,charged,1
1776,siempre,1
1775,sidewalks,1
10,acostumbra,1
315,charter,1
316,chasing,1
1770,shred,1
322,checkin,1
2308,yards,1
319,cheating,1
1767,showed,1
1766,showcasin,1
1765,shovel,1
321,checked,1
1763,shouldnt,1
336,choir,1
1740,sheeran,1
1739,sheepskin,1
1713,sellin,1
347,circle,1
348,circles,1
2314,years,1
1715,sensation,1
2315,yeeeah,1
2316,yeezy,1
351,ckay,1
1712,sell,1
1720,session,1
1711,self,1
352,claim,1
2317,yellow,1
1709,seek,1
1708,seeing,1
1707,seed,1
1706,security,1
1719,servin,1
1721,settlement,1
337,choke,1
342,choppers,1
1737,sharo,1
1736,shark,1
1735,sharin,1
1734,shape,1
2313,yearned,1
338,choker,1
339,chokin,1
1730,shadow,1
1722,settlin,1
1729,shacarri,1
343,chorus,1
344,chosen,1
1726,s*****,1
345,chuck,1
1724,severely,1
1723,settling,1
29,ahahahahah,1
233,bros,1
238,brushed,1
97,awake,1
2133,tuned,1
2132,tshirts,1
109,baggage,1
2129,tryin,1
111,baguettey,1
112,baguetties,1
2126,truly,1
113,bail,1
114,baka,1
2123,trouble,1
2122,trophy,1
2121,tripping,1
2120,trip,1
2119,trina,1
115,baking,1
2117,tricks,1
2116,trial,1
2134,turks,1
2243,wesson,1
53,andabas,1
2239,weirdos,1
98,awards,1
2149,uhtuuhtututu,1
2148,u***,1
2147,uber,1
99,aware,1
2145,twotone,1
2144,twodoor,1
2143,twisted,1
106,backwood,1
2142,twins,1
2240,wendys,1
2140,tweets,1
2139,tututu,1
2138,turnt,1
104,backing,1
105,backseat,1
2115,tres,1
2114,trends,1
2113,trending,1
2087,tootsies,1
128,bash,1
130,batman,1
47,amazing,1
2091,totori,1
2090,torture,1
2089,toque,1
2088,topic,1
2086,toothbrush,1
2096,towers,1
134,beats,1
2251,whippin,1
46,amar,1
2082,tonguetied,1
44,alpha,1
2079,tomboy,1
2078,tolerating,1
127,basement,1
126,barkin,1
2112,treme,1
119,bando,1
51,amiri,1
2111,trees,1
2110,tree,1
116,balboa,1
2108,trash,1
2107,trappin,1
117,balenciaga,1
2104,train,1
2098,toys,1
2246,wheels,1
122,bangin,1
123,baptized,1
49,ambulances,1
2248,wheres,1
2100,tracks,1
125,bargain,1
2151,unappreciated,1
2153,underneath,1
2076,toes,1
96,avoiding,1
72,architectural,1
74,arent,1
75,argue,1
2206,waited,1
76,ariana,1
2204,waisted,1
78,arriba,1
2202,voodoo,1
2201,volver,1
79,arrow,1
80,artists,1
2198,visitor,1
2197,visit,1
57,anger,1
81,ashamed,1
82,asked,1
2194,ville,1
71,apron,1
2211,walked,1
69,appeal,1
64,anxiety,1
61,anonymest,1
2225,watchin,1
62,answer,1
2223,wasting,1
63,answers,1
58,anniversaries,1
2221,waste,1
2219,warned,1
2213,walking,1
2230,wear,1
2231,wearin,1
2217,wanting,1
2232,wearing,1
67,apart,1
2233,weary,1
2234,weather,1
2193,villain,1
2192,vide,1
83,askin,1
2163,unzip,1
2170,vacant,1
2169,usually,1
92,audemars,1
2167,uptown,1
93,aunt,1
2165,updo,1
2164,updated,1
2162,unsad,1
2238,weighing,1
2161,unread,1
2160,unquenchable,1
2159,unprotected,1
94,avenue,1
95,avoid,1
2156,unique,1
2155,unfazed,1
2171,vaccine,1
90,attack,1
2190,victorias,1
85,asleep,1
2189,victor,1
2188,victim,1
2187,vibration,1
84,asleeeeeeeeeep,1
2185,vets,1
2184,vespa,1
56,angels,1
2182,versuz,1
2174,vamo,1
2181,versus,1
86,a******,1
87,association,1
88,atlanta,1
55,angel,1
2176,veneno,1
2175,vegas,1
141,bein,1
2075,todayski,1
1923,strap,1
1995,tape,1
205,boyfriend,1
1972,sweating,1
1971,sweatin,1
207,bragging,1
2268,wisdom,1
209,brains,1
1967,swallowed,1
1966,swag,1
1965,survived,1
210,brainstormin,1
1963,surreal,1
1962,surgery,1
1961,surf,1
211,brandnew,1
1959,supposedly,1
1958,super,1
212,brass,1
1974,sweetest,1
1975,sweetheart,1
1976,swervin,1
199,botella,1
190,bonet,1
191,book,1
2265,wine,1
193,boomers,1
194,booth,1
198,bote,1
1987,table,1
1985,syndrome,1
1977,swerving,1
1984,symptom,1
1983,swore,1
1982,switch,1
1981,swindled,1
2267,winning,1
1627,risks,1
1978,swim,1
1956,summon,1
1955,summer,1
1954,suit,1
229,britches,1
2279,wonderful,1
2280,wonderin,1
1937,struggling,1
1936,struggled,1
223,bridge,1
224,bridges,1
227,bringin,1
1931,stressing,1
221,brenda,1
1930,strength,1
232,broker,1
60,annoying,1
2282,wood,1
237,brown,1
1925,strawberries,1
1924,strappin,1
33,ahogo,1
2277,w***,1
38,alakazam,1
1947,s***,1
2270,wishin,1
213,bravery,1
216,breakfast,1
1951,sufrir,1
1950,sufr,1
1949,sufficed,1
35,ahora,1
1946,success,1
2276,womans,1
2272,wohohoh,1
1945,succeedin,1
2273,woke,1
2274,wolves,1
1943,subtract,1
1942,sube,1
34,ahold,1
189,bogus,1
1996,tapped,1
144,belonged,1
187,bodied,1
2257,whos,1
42,alert,1
2051,thotty,1
2050,thong,1
2049,thirst,1
166,blastin,1
2047,thinking,1
168,blep,1
169,blessed,1
2259,wife,1
171,blickies,1
2042,thigh,1
172,blink,1
2040,theyre,1
2039,theyll,1
173,bliss,1
2037,therapists,1
2256,whoawhoawhoa,1
2055,t********,1
158,birth,1
146,bent,1
2073,toasts,1
145,beneath,1
2071,tippytoes,1
2070,tippytoe,1
2069,tinted,1
2068,tint,1
2067,tings,1
151,bicoastal,1
157,birkins,1
152,bieber,1
43,alma,1
2062,thumbing,1
2061,throwing,1
2060,throwin,1
2059,thrower,1
156,birkin,1
2036,therapist,1
174,blist,1
2034,theory,1
2006,telekinetic,1
2013,temptations,1
2012,temporary,1
2262,wilding,1
2011,temperature,1
2010,telly,1
2263,windmill,1
2007,telfono,1
2005,teeth,1
2015,tend,1
2004,tees,1
2003,teary,1
2002,tear,1
185,board,1
186,boat,1
1999,taught,1
1998,tastes,1
2014,tena,1
2016,tenemo,1
176,blocked,1
2026,tested,1
2032,thankin,1
2031,thank,1
2030,texture,1
2029,texts,1
2028,textin,1
177,blogs,1
2260,wifeys,1
178,blonde,1
41,alejo,1
2024,terms,1
2023,terminamo,1
2022,tense,1
180,bloomer,1
2020,tenpage,1
181,bloque,1
2018,tenfold,1
204,boxed,1
1589,relive,1
1626,risk,1
682,fans,1
675,fallen,1
1119,linda,1
1118,limitation,1
1117,limit,1
1116,likely,1
676,fallin,1
677,falsified,1
680,famous,1
684,fantasy,1
1122,lingers,1
1107,licks,1
1106,license,1
1105,lgrimas,1
687,fatal,1
1103,level,1
1101,letterman,1
1100,letter,1
691,fear,1
671,faithfully,1
1123,link,1
1097,lens,1
1134,lived,1
660,facepalm,1
1141,lluvia,1
1140,lloro,1
1139,llamo,1
1138,living,1
662,facts,1
1136,lives,1
1135,liver,1
663,fade,1
1124,linking,1
664,fadeaway,1
1131,listener,1
665,fading,1
1129,lisa,1
667,failed,1
669,fairy,1
670,faith,1
1125,lion,1
692,feature,1
1095,legacy,1
1144,locations,1
1058,knits,1
1068,laid,1
714,figured,1
1066,lady,1
1065,lack,1
1062,knowing,1
1061,knowin,1
720,finest,1
1059,knocked,1
722,finish,1
711,fighter,1
1055,kitchen,1
1054,kissin,1
724,finna,1
1052,kissed,1
725,firm,1
1050,kink,1
726,fishes,1
728,flash,1
1071,lamborghini,1
1073,language,1
1093,leavin,1
706,fenty,1
700,felicia,1
701,feliz,1
1090,learned,1
1089,league,1
1088,leader,1
705,fence,1
1086,lays,1
1085,laying,1
1083,laxative,1
1074,laps,1
707,ferrari,1
1081,lawyer,1
1080,launcher,1
708,fetty,1
1078,latisha,1
1077,later,1
1076,lately,1
709,fiendin,1
1143,lobby,1
1145,locker,1
1045,killin,1
1202,m********,1
630,enojo,1
631,entendre,1
1209,maybelline,1
632,entero,1
1207,maybach,1
1206,maturity,1
633,entertainment,1
1203,matas,1
1200,mary,1
1213,meets,1
1199,martin,1
1198,mars,1
1197,marry,1
1196,marni,1
1195,mansion,1
1194,mano,1
1193,manman,1
1192,managed,1
1212,meeting,1
1214,megan,1
636,equal,1
1226,message,1
623,ending,1
1234,miles,1
624,ends,1
1232,mightve,1
1230,miami,1
626,energized,1
1228,metatron,1
1227,messages,1
627,energy,1
1215,mejor,1
1224,mention,1
1223,mental,1
1222,ment,1
1220,memories,1
1219,member,1
629,enjoy,1
1217,melodies,1
1216,melanin,1
1191,manage,1
1189,malo,1
1146,logical,1
651,exit,1
645,evil,1
646,excited,1
1162,loss,1
647,exciting,1
648,exhale,1
649,exhausted,1
1158,loser,1
650,existence,1
1155,loonies,1
1166,louis,1
1154,looks,1
652,expense,1
654,explainin,1
655,explore,1
1150,longev,1
1149,longer,1
656,exposin,1
657,extortion,1
1,abandon,1
644,everythings,1
1188,mallorca,1
1178,madison,1
1187,mall,1
637,e*******,1
1184,making,1
640,escucha,1
1182,makeup,1
1181,makes,1
1180,maintenance,1
1179,magic,1
1177,madea,1
642,event,1
1176,lying,1
1175,lyin,1
1174,luther,1
1173,lurk,1
1172,lunch,1
641,evaluation,1
1170,lovin,1
1169,lover,1
1046,killing,1
729,flashy,1
400,contracts,1
911,heavensent,1
919,herida,1
918,helped,1
795,gast,1
796,gators,1
798,gear,1
914,height,1
913,heavy,1
912,heavily,1
910,heaven,1
794,gassed,1
799,gemini,1
800,geneva,1
907,hearts,1
801,genius,1
905,hearses,1
904,hearing,1
808,giorgio,1
900,healin,1
920,heros,1
924,hips,1
897,hawaii,1
935,hollow,1
943,homies,1
942,homie,1
941,homicides,1
940,homicide,1
783,funds,1
938,hombre,1
937,holy,1
785,furthest,1
934,holla,1
925,hitters,1
786,future,1
787,futuro,1
931,holding,1
788,gabriel,1
789,galaxy,1
928,hobby,1
927,hitting,1
926,hittin,1
899,headshot,1
814,glee,1
775,frosty,1
860,guilt,1
868,gymnast,1
867,gyal,1
840,grandma,1
865,gushy,1
864,gunwunna,1
863,guns,1
862,guitar,1
841,grateful,1
859,guides,1
870,haga,1
858,guest,1
856,guard,1
855,grows,1
854,growing,1
853,grow,1
852,ground,1
843,gravity,1
850,grind,1
839,grammys,1
871,hago,1
894,haulin,1
827,goner,1
893,haters,1
892,hated,1
816,glock,1
817,gloss,1
819,goddess,1
820,godsent,1
822,gofund,1
825,gold,1
830,goodbye,1
838,grail,1
831,goodnight,1
880,hanging,1
833,goosebumps,1
877,handprint,1
836,grace,1
875,handing,1
837,gracious,1
873,hail,1
781,fulfilled,1
948,hook,1
730,flattery,1
1011,jeweler,1
1020,judge,1
738,flirt,1
739,float,1
1017,joke,1
1016,john,1
745,flying,1
1013,jiggle,1
746,focused,1
1010,jets,1
1022,judges,1
747,fold,1
748,folded,1
1007,japan,1
1006,jail,1
1005,jada,1
1004,jacob,1
749,folk,1
1002,jacket,1
737,flipper,1
1023,judo,1
999,itchin,1
1034,kappa,1
731,fleek,1
732,flew,1
1040,kicking,1
1039,kicked,1
1038,kick,1
733,flexible,1
1036,keeping,1
1035,keem,1
1033,kanye,1
1024,jugaste,1
1032,kane,1
1031,juuging,1
734,flight,1
1029,jungle,1
735,flights,1
1027,jumper,1
736,flipped,1
1025,juice,1
1000,itchy,1
751,followin,1
949,h*****,1
764,france,1
970,ignore,1
969,ignorance,1
968,iffy,1
967,ibiza,1
761,fourdoor,1
762,fourfifty,1
763,foursome,1
963,hunnids,1
961,hungry,1
973,imitation,1
960,hundreds,1
959,humor,1
957,human,1
768,french,1
769,frequent,1
954,hotel,1
952,hopeless,1
951,hopefully,1
971,igual,1
974,implodes,1
997,ipod,1
988,insecurities,1
996,invite,1
753,foot,1
994,interviews,1
993,internet,1
992,interior,1
991,intention,1
990,instead,1
754,forcing,1
987,insecure,1
759,fortune,1
985,inner,1
984,inheritin,1
983,influence,1
982,infinity,1
980,independent,1
979,income,1
978,incline,1
977,improvement,1
1236,millimeter,1
621,emptyhanded,1
1238,millions,1
467,darker,1
1504,prisoner,1
1503,prior,1
464,danger,1
1501,princess,1
1500,prime,1
1499,pride,1
1498,price,1
465,dare,1
1495,pressure,1
1506,prndelo,1
1494,presidential,1
1493,prescription,1
1492,prendia,1
1491,premonition,1
1490,pregnant,1
468,darkness,1
1488,prayer,1
469,darle,1
1505,private,1
463,dando,1
1485,potential,1
1519,protect,1
454,cuttin,1
1526,pure,1
1525,punk,1
1524,pull,1
455,dadda,1
1522,provide,1
1521,prove,1
1520,proud,1
1518,prosthetic,1
459,damien,1
1517,pros,1
1516,prophesies,1
1515,proper,1
1514,proof,1
457,dads,1
1512,projects,1
1510,process,1
1509,proceed,1
470,darlin,1
1484,posture,1
453,cuter,1
1447,piranha,1
487,decisions,1
1456,plant,1
1455,planets,1
1453,plane,1
1452,plan,1
491,defensive,1
1449,pity,1
493,dejaste,1
1445,pinching,1
486,decepcion,1
1444,pimpin,1
495,delicious,1
497,delilah,1
498,demons,1
1440,pierna,1
1439,pienso,1
1438,pieces,1
499,denial,1
1458,plaques,1
485,debatin,1
475,dawg,1
1472,point,1
1480,popup,1
1479,poppin,1
476,dawgs,1
1477,popeyes,1
1476,poof,1
1475,politics,1
1474,politicking,1
1473,police,1
1471,poetry,1
484,death,1
1470,pockets,1
1469,pocket,1
1467,plotting,1
481,dealers,1
1465,pleaser,1
482,deals,1
483,dearly,1
1462,player,1
1528,purses,1
452,cute,1
618,emotion,1
1592,remorse,1
1601,reppin,1
1600,reporting,1
1599,reply,1
1598,replace,1
420,country,1
1596,repaying,1
1595,rentals,1
421,county,1
424,courtesy,1
1603,reruns,1
1590,remain,1
849,greystone,1
426,cove,1
428,crackin,1
1584,rehearsed,1
1583,regular,1
431,crdenas,1
434,cripper,1
1602,requests,1
417,council,1
1579,refresh,1
411,corazn,1
1624,rimowa,1
402,controllin,1
403,controlling,1
404,conversation,1
407,coparent,1
409,copper,1
410,cops,1
1617,richard,1
1615,rewards,1
1605,resilience,1
1614,revvin,1
1613,reverend,1
1612,revenge,1
412,corners,1
1610,return,1
1609,restart,1
413,corny,1
1607,respond,1
1580,regina,1
1578,reflections,1
1533,queen,1
1544,quits,1
1552,raise,1
445,curb,1
1550,rail,1
1549,radio,1
446,curls,1
1547,rack,1
1546,race,1
1545,quotes,1
1543,quiet,1
1554,ranked,1
447,curse,1
1541,quieres,1
1540,quiere,1
1539,quickly,1
1537,quick,1
1536,questions,1
449,curtains,1
1534,q****,1
1553,random,1
1555,rapper,1
1577,recreatin,1
441,cubes,1
1576,record,1
1575,reciprocate,1
1574,recipe,1
435,critics,1
436,crossed,1
1570,realize,1
440,cryotherapy,1
1568,realest,1
1566,ready,1
1556,rappers,1
442,cubic,1
444,cuerpo,1
1562,razn,1
1561,ratatata,1
1560,rarey,1
1559,raptor,1
1558,raps,1
1557,rapport,1
1436,pictured,1
500,depends,1
503,description,1
1301,near,1
569,dreamin,1
1310,neon,1
1309,neighborhoods,1
570,dreaming,1
572,dreamville,1
1306,needle,1
1305,needed,1
1302,necessary,1
577,dripping,1
1313,netted,1
579,drivers,1
1298,names,1
1297,n****,1
1296,nage,1
1295,nadie,1
1294,music,1
1293,murk,1
580,drives,1
1312,nervous,1
1314,networks,1
1289,multitask,1
562,drainin,1
1338,nunca,1
1337,numbers,1
1336,number,1
1335,nothings,1
560,doubt,1
561,downtown,1
1331,nosy,1
1330,nose,1
1328,normally,1
1315,nevada,1
1327,nonsense,1
1326,noise,1
1325,nkwobi,1
1324,nines,1
1323,nighttime,1
563,drake,1
1321,nightmares,1
567,drea,1
1291,murda,1
1288,muero,1
1433,piano,1
1249,missin,1
1257,m*****,1
607,edition,1
1255,moat,1
1254,mnage,1
608,educate,1
609,effortless,1
1251,mister,1
612,elite,1
613,elohim,1
604,east,1
1247,misinformed,1
1246,misfortune,1
1245,miserable,1
615,embrace,1
616,emoji,1
617,emojis,1
1241,mines,1
1240,minefield,1
606,eating,1
1260,moments,1
1287,moving,1
1274,m*********,1
1286,movin,1
584,dropped,1
587,droppy,1
1280,motto,1
1279,motivation,1
594,dumb,1
1277,m************,1
595,d******,1
598,durkio,1
1261,momma,1
1271,mornin,1
1270,moonwalk,1
1269,moonlit,1
600,earned,1
601,earrings,1
1266,month,1
1265,monsters,1
1262,mommy,1
1339,nwantiti,1
558,doublefaced,1
1341,observo,1
1399,parked,1
1409,patient,1
1408,pastor,1
514,dice,1
518,dies,1
1405,passing,1
521,difficult,1
1401,partners,1
524,digo,1
525,dime,1
512,diamond,1
1397,parents,1
1396,pardon,1
1395,parasites,1
1394,paranoid,1
526,dinner,1
527,diorama,1
1391,papi,1
528,dippin,1
1410,patiently,1
1412,payday,1
1342,obsessed,1
1423,percs,1
1432,phones,1
504,deserved,1
1430,phil,1
505,designed,1
1427,personal,1
1426,person,1
1425,perfectly,1
507,despise,1
1422,percent,1
1413,payment,1
508,dessert,1
509,destrozado,1
1419,penny,1
1418,peers,1
1417,peep,1
1416,peak,1
510,devil,1
511,devils,1
530,dirty,1
531,disability,1
1387,panic,1
554,door,1
1362,onward,1
545,dodged,1
546,doesnt,1
1359,olvido,1
1357,oklahoma,1
549,dolor,1
551,donuts,1
552,doobie,1
556,dope,1
532,disaster,1
1350,ohlalalalala,1
1349,ohlalalala,1
1348,offspring,1
1347,office,1
1346,offers,1
1345,offensive,1
1344,offend,1
1343,occasions,1
544,dndono,1
543,dmelo,1
541,divorces,1
1366,opened,1
1384,painfully,1
535,disrespecting,1
1381,pack,1
1380,pace,1
1379,oxygen,1
1378,owners,1
1377,overseas,1
537,distract,1
1375,overly,1
1374,overlooked,1
538,distracted,1
539,divide,1
1371,ordered,1
1370,oppy,1
540,divine,1
1368,opportunity,1
1367,opening,1
0,aaliyah,1
